{"patch_size": 256, "augmentation": true, "num_gpus": 1, "num_workers": 8, "num_channel": 3, "EF": false, "epochs": 115, "batch_size": 16, "learning_rate": 0.001, "loss_function": "hybrid", "dataset_dir": "../data/Real/subset/", "weight_dir": "./outputs/", "log_dir": "./log/", "validation_metrics": {"cd_losses": 0.054155453375758646, "cd_corrects": 99.17574748587101, "cd_precisions": 0.9597177558511414, "cd_recalls": 0.9562027573726343, "cd_f1scores": 0.9579307227113791, "learning_rate": 2.4414062500000006e-07}}