{"patch_size": 256, "augmentation": true, "num_gpus": 1, "num_workers": 8, "num_channel": 3, "EF": false, "epochs": 115, "batch_size": 16, "learning_rate": 0.001, "loss_function": "hybrid", "dataset_dir": "../data/Real/subset/", "weight_dir": "./outputs/", "log_dir": "./log/", "validation_metrics": {"cd_losses": 0.09515648693876698, "cd_corrects": 98.56513161354877, "cd_precisions": 0.9385164086715547, "cd_recalls": 0.9133328673628552, "cd_f1scores": 0.9252134839530045, "learning_rate": 2.4414062500000006e-07}}